file_path,language,category,origin,evidence,action,compile_status,notes
libcalculix_base.a,Archive,A,CalculiX 2.15 original,1117 objects; built from D:\ccx\src (960.f+165.c); Copyright Guido Dhondt 1998-2018,Keep as binary library in components\open_source\calculix\,compiled_as_library,CalculiX 2.15 GPL v2+; source at D:\ccx\src
bmatrix.f,Fortran,B,"CalculiX-derived, modified",Overrides same-named object in WeICME_MT.a; AESim_FM custom version,Group into libaesim_solver_ext.a,compiled,Modified CalculiX file; compare against original for change points
bsort.f,Fortran,B,"CalculiX-derived, modified",Overrides same-named object in WeICME_MT.a; AESim_FM custom version,Group into libaesim_solver_ext.a,compiled,Modified CalculiX file; compare against original for change points
calccvel.f,Fortran,B,"CalculiX-derived, modified",Overrides same-named object in WeICME_MT.a; AESim_FM custom version,Group into libaesim_solver_ext.a,compiled,Modified CalculiX file; compare against original for change points
calccvfa.f,Fortran,B,"CalculiX-derived, modified",Overrides same-named object in WeICME_MT.a; AESim_FM custom version,Group into libaesim_solver_ext.a,compiled,Modified CalculiX file; compare against original for change points
calcgradtemp_cast.f,Fortran,B,"CalculiX-derived, modified",Overrides same-named object in WeICME_MT.a; AESim_FM custom version,Group into libaesim_solver_ext.a,compiled,Modified CalculiX file; compare against original for change points
calchcel.f,Fortran,B,"CalculiX-derived, modified",Overrides same-named object in WeICME_MT.a; AESim_FM custom version,Group into libaesim_solver_ext.a,compiled,Modified CalculiX file; compare against original for change points
calchcfa.f,Fortran,B,"CalculiX-derived, modified",Overrides same-named object in WeICME_MT.a; AESim_FM custom version,Group into libaesim_solver_ext.a,compiled,Modified CalculiX file; compare against original for change points
calcinitialflux.f,Fortran,B,"CalculiX-derived, modified",Overrides same-named object in WeICME_MT.a; AESim_FM custom version,Group into libaesim_solver_ext.a,compiled,Modified CalculiX file; compare against original for change points
calcmechstrain.f,Fortran,B,"CalculiX-derived, modified",Overrides same-named object in WeICME_MT.a; AESim_FM custom version,Group into libaesim_solver_ext.a,compiled,Modified CalculiX file; compare against original for change points
calcpel.f,Fortran,B,"CalculiX-derived, modified",Overrides same-named object in WeICME_MT.a; AESim_FM custom version,Group into libaesim_solver_ext.a,compiled,Modified CalculiX file; compare against original for change points
calcrespfluid.f,Fortran,B,"CalculiX-derived, modified",Overrides same-named object in WeICME_MT.a; AESim_FM custom version,Group into libaesim_solver_ext.a,compiled,Modified CalculiX file; compare against original for change points
calcrestfluid.f,Fortran,B,"CalculiX-derived, modified",Overrides same-named object in WeICME_MT.a; AESim_FM custom version,Group into libaesim_solver_ext.a,compiled,Modified CalculiX file; compare against original for change points
calcresvfluid1.f,Fortran,B,"CalculiX-derived, modified",Overrides same-named object in WeICME_MT.a; AESim_FM custom version,Group into libaesim_solver_ext.a,compiled,Modified CalculiX file; compare against original for change points
calcresvfluid2.f,Fortran,B,"CalculiX-derived, modified",Overrides same-named object in WeICME_MT.a; AESim_FM custom version,Group into libaesim_solver_ext.a,compiled,Modified CalculiX file; compare against original for change points
calcrhoel.f,Fortran,B,"CalculiX-derived, modified",Overrides same-named object in WeICME_MT.a; AESim_FM custom version,Group into libaesim_solver_ext.a,compiled,Modified CalculiX file; compare against original for change points
calcrhoelcomp.f,Fortran,B,"CalculiX-derived, modified",Overrides same-named object in WeICME_MT.a; AESim_FM custom version,Group into libaesim_solver_ext.a,compiled,Modified CalculiX file; compare against original for change points
calcrhofa.f,Fortran,B,"CalculiX-derived, modified",Overrides same-named object in WeICME_MT.a; AESim_FM custom version,Group into libaesim_solver_ext.a,compiled,Modified CalculiX file; compare against original for change points
calcumel.f,Fortran,B,"CalculiX-derived, modified",Overrides same-named object in WeICME_MT.a; AESim_FM custom version,Group into libaesim_solver_ext.a,compiled,Modified CalculiX file; compare against original for change points
calcumfa.f,Fortran,B,"CalculiX-derived, modified",Overrides same-named object in WeICME_MT.a; AESim_FM custom version,Group into libaesim_solver_ext.a,compiled,Modified CalculiX file; compare against original for change points
calcvel.f,Fortran,B,"CalculiX-derived, modified",Overrides same-named object in WeICME_MT.a; AESim_FM custom version,Group into libaesim_solver_ext.a,compiled,Modified CalculiX file; compare against original for change points
calcvol.f,Fortran,B,"CalculiX-derived, modified",Overrides same-named object in WeICME_MT.a; AESim_FM custom version,Group into libaesim_solver_ext.a,compiled,Modified CalculiX file; compare against original for change points
calcvol2.f,Fortran,B,"CalculiX-derived, modified",Overrides same-named object in WeICME_MT.a; AESim_FM custom version,Group into libaesim_solver_ext.a,compiled,Modified CalculiX file; compare against original for change points
cd_Mcgreehan_Schotsch.f,Fortran,B,"CalculiX-derived, modified",Overrides same-named object in WeICME_MT.a; AESim_FM custom version,Group into libaesim_solver_ext.a,compiled,Modified CalculiX file; compare against original for change points
cd_lichtarowicz.f,Fortran,B,"CalculiX-derived, modified",Overrides same-named object in WeICME_MT.a; AESim_FM custom version,Group into libaesim_solver_ext.a,compiled,Modified CalculiX file; compare against original for change points
cd_own_albers.f,Fortran,B,"CalculiX-derived, modified",Overrides same-named object in WeICME_MT.a; AESim_FM custom version,Group into libaesim_solver_ext.a,compiled,Modified CalculiX file; compare against original for change points
cd_pk_albers.f,Fortran,B,"CalculiX-derived, modified",Overrides same-named object in WeICME_MT.a; AESim_FM custom version,Group into libaesim_solver_ext.a,compiled,Modified CalculiX file; compare against original for change points
cident.f,Fortran,B,"CalculiX-derived, modified",Overrides same-named object in WeICME_MT.a; AESim_FM custom version,Group into libaesim_solver_ext.a,compiled,Modified CalculiX file; compare against original for change points
cident20.f,Fortran,B,"CalculiX-derived, modified",Overrides same-named object in WeICME_MT.a; AESim_FM custom version,Group into libaesim_solver_ext.a,compiled,Modified CalculiX file; compare against original for change points
cident80.f,Fortran,B,"CalculiX-derived, modified",Overrides same-named object in WeICME_MT.a; AESim_FM custom version,Group into libaesim_solver_ext.a,compiled,Modified CalculiX file; compare against original for change points
closefile.f,Fortran,B,"CalculiX-derived, modified",Overrides same-named object in WeICME_MT.a; AESim_FM custom version,Group into libaesim_solver_ext.a,compiled,Modified CalculiX file; compare against original for change points
closefilefluid.f,Fortran,B,"CalculiX-derived, modified",Overrides same-named object in WeICME_MT.a; AESim_FM custom version,Group into libaesim_solver_ext.a,compiled,Modified CalculiX file; compare against original for change points
convert2slapcol.f,Fortran,B,"CalculiX-derived, modified",Overrides same-named object in WeICME_MT.a; AESim_FM custom version,Group into libaesim_solver_ext.a,compiled,Modified CalculiX file; compare against original for change points
correctrhoelcomp.f,Fortran,B,"CalculiX-derived, modified",Overrides same-named object in WeICME_MT.a; AESim_FM custom version,Group into libaesim_solver_ext.a,compiled,Modified CalculiX file; compare against original for change points
correctvel.f,Fortran,B,"CalculiX-derived, modified",Overrides same-named object in WeICME_MT.a; AESim_FM custom version,Group into libaesim_solver_ext.a,compiled,Modified CalculiX file; compare against original for change points
createialnk.f,Fortran,B,"CalculiX-derived, modified",Overrides same-named object in WeICME_MT.a; AESim_FM custom version,Group into libaesim_solver_ext.a,compiled,Modified CalculiX file; compare against original for change points
dKdX.f,Fortran,B,"CalculiX-derived, modified",Overrides same-named object in WeICME_MT.a; AESim_FM custom version,Group into libaesim_solver_ext.a,compiled,Modified CalculiX file; compare against original for change points
damage.f,Fortran,B,"CalculiX-derived, modified",Overrides same-named object in WeICME_MT.a; AESim_FM custom version,Group into libaesim_solver_ext.a,compiled,Modified CalculiX file; compare against original for change points
damagecal.f,Fortran,B,"CalculiX-derived, modified",Overrides same-named object in WeICME_MT.a; AESim_FM custom version,Group into libaesim_solver_ext.a,compiled,Modified CalculiX file; compare against original for change points
damages.f,Fortran,B,"CalculiX-derived, modified",Overrides same-named object in WeICME_MT.a; AESim_FM custom version,Group into libaesim_solver_ext.a,compiled,Modified CalculiX file; compare against original for change points
dattime.f,Fortran,B,"CalculiX-derived, modified",Overrides same-named object in WeICME_MT.a; AESim_FM custom version,Group into libaesim_solver_ext.a,compiled,Modified CalculiX file; compare against original for change points
drx.f,Fortran,B,"CalculiX-derived, modified",Overrides same-named object in WeICME_MT.a; AESim_FM custom version,Group into libaesim_solver_ext.a,compiled,Modified CalculiX file; compare against original for change points
drx_hip_weicme.f,Fortran,B,"CalculiX-derived, modified",Overrides same-named object in WeICME_MT.a; AESim_FM custom version,Group into libaesim_solver_ext.a,compiled,Modified CalculiX file; compare against original for change points
drx_weicme.f,Fortran,B,"CalculiX-derived, modified",Overrides same-named object in WeICME_MT.a; AESim_FM custom version,Group into libaesim_solver_ext.a,compiled,Modified CalculiX file; compare against original for change points
dynamicrecrystallizations.f,Fortran,B,"CalculiX-derived, modified",Overrides same-named object in WeICME_MT.a; AESim_FM custom version,Group into libaesim_solver_ext.a,compiled,Modified CalculiX file; compare against original for change points
edg.f,Fortran,B,"CalculiX-derived, modified",Overrides same-named object in WeICME_MT.a; AESim_FM custom version,Group into libaesim_solver_ext.a,compiled,Modified CalculiX file; compare against original for change points
elemperorien.f,Fortran,B,"CalculiX-derived, modified",Overrides same-named object in WeICME_MT.a; AESim_FM custom version,Group into libaesim_solver_ext.a,compiled,Modified CalculiX file; compare against original for change points
eplane.f,Fortran,B,"CalculiX-derived, modified",Overrides same-named object in WeICME_MT.a; AESim_FM custom version,Group into libaesim_solver_ext.a,compiled,Modified CalculiX file; compare against original for change points
fcrit.f,Fortran,B,"CalculiX-derived, modified",Overrides same-named object in WeICME_MT.a; AESim_FM custom version,Group into libaesim_solver_ext.a,compiled,Modified CalculiX file; compare against original for change points
flowstress.f,Fortran,B,"CalculiX-derived, modified",Overrides same-named object in WeICME_MT.a; AESim_FM custom version,Group into libaesim_solver_ext.a,compiled,Modified CalculiX file; compare against original for change points
fsub.f,Fortran,B,"CalculiX-derived, modified",Overrides same-named object in WeICME_MT.a; AESim_FM custom version,Group into libaesim_solver_ext.a,compiled,Modified CalculiX file; compare against original for change points
fsuper.f,Fortran,B,"CalculiX-derived, modified",Overrides same-named object in WeICME_MT.a; AESim_FM custom version,Group into libaesim_solver_ext.a,compiled,Modified CalculiX file; compare against original for change points
gasmechbc.f,Fortran,B,"CalculiX-derived, modified",Overrides same-named object in WeICME_MT.a; AESim_FM custom version,Group into libaesim_solver_ext.a,compiled,Modified CalculiX file; compare against original for change points
getversion.f,Fortran,B,"CalculiX-derived, modified",Overrides same-named object in WeICME_MT.a; AESim_FM custom version,Group into libaesim_solver_ext.a,compiled,Modified CalculiX file; compare against original for change points
htchart.f,Fortran,B,"CalculiX-derived, modified",Overrides same-named object in WeICME_MT.a; AESim_FM custom version,Group into libaesim_solver_ext.a,compiled,Modified CalculiX file; compare against original for change points
init.f,Fortran,B,"CalculiX-derived, modified",Overrides same-named object in WeICME_MT.a; AESim_FM custom version,Group into libaesim_solver_ext.a,compiled,Modified CalculiX file; compare against original for change points
initialh.f,Fortran,B,"CalculiX-derived, modified",Overrides same-named object in WeICME_MT.a; AESim_FM custom version,Group into libaesim_solver_ext.a,compiled,Modified CalculiX file; compare against original for change points
inputerror.f,Fortran,B,"CalculiX-derived, modified",Overrides same-named object in WeICME_MT.a; AESim_FM custom version,Group into libaesim_solver_ext.a,compiled,Modified CalculiX file; compare against original for change points
inputinfo.f,Fortran,B,"CalculiX-derived, modified",Overrides same-named object in WeICME_MT.a; AESim_FM custom version,Group into libaesim_solver_ext.a,compiled,Modified CalculiX file; compare against original for change points
inputwarning.f,Fortran,B,"CalculiX-derived, modified",Overrides same-named object in WeICME_MT.a; AESim_FM custom version,Group into libaesim_solver_ext.a,compiled,Modified CalculiX file; compare against original for change points
insertsortd.f,Fortran,B,"CalculiX-derived, modified",Overrides same-named object in WeICME_MT.a; AESim_FM custom version,Group into libaesim_solver_ext.a,compiled,Modified CalculiX file; compare against original for change points
insertsorti.f,Fortran,B,"CalculiX-derived, modified",Overrides same-named object in WeICME_MT.a; AESim_FM custom version,Group into libaesim_solver_ext.a,compiled,Modified CalculiX file; compare against original for change points
integratelinesproduct.f,Fortran,B,"CalculiX-derived, modified",Overrides same-named object in WeICME_MT.a; AESim_FM custom version,Group into libaesim_solver_ext.a,compiled,Modified CalculiX file; compare against original for change points
integraterhocp.f,Fortran,B,"CalculiX-derived, modified",Overrides same-named object in WeICME_MT.a; AESim_FM custom version,Group into libaesim_solver_ext.a,compiled,Modified CalculiX file; compare against original for change points
intersectionpoint.f,Fortran,B,"CalculiX-derived, modified",Overrides same-named object in WeICME_MT.a; AESim_FM custom version,Group into libaesim_solver_ext.a,compiled,Modified CalculiX file; compare against original for change points
invariant.f,Fortran,B,"CalculiX-derived, modified",Overrides same-named object in WeICME_MT.a; AESim_FM custom version,Group into libaesim_solver_ext.a,compiled,Modified CalculiX file; compare against original for change points
lab_straight_ppkrit.f,Fortran,B,"CalculiX-derived, modified",Overrides same-named object in WeICME_MT.a; AESim_FM custom version,Group into libaesim_solver_ext.a,compiled,Modified CalculiX file; compare against original for change points
lump.f,Fortran,B,"CalculiX-derived, modified",Overrides same-named object in WeICME_MT.a; AESim_FM custom version,Group into libaesim_solver_ext.a,compiled,Modified CalculiX file; compare against original for change points
materialdata_dtdh.f,Fortran,B,"CalculiX-derived, modified",Overrides same-named object in WeICME_MT.a; AESim_FM custom version,Group into libaesim_solver_ext.a,compiled,Modified CalculiX file; compare against original for change points
materialdata_h2temp.f,Fortran,B,"CalculiX-derived, modified",Overrides same-named object in WeICME_MT.a; AESim_FM custom version,Group into libaesim_solver_ext.a,compiled,Modified CalculiX file; compare against original for change points
materialdata_temp2h.f,Fortran,B,"CalculiX-derived, modified",Overrides same-named object in WeICME_MT.a; AESim_FM custom version,Group into libaesim_solver_ext.a,compiled,Modified CalculiX file; compare against original for change points
materialdata_th_h.f,Fortran,B,"CalculiX-derived, modified",Overrides same-named object in WeICME_MT.a; AESim_FM custom version,Group into libaesim_solver_ext.a,compiled,Modified CalculiX file; compare against original for change points
materialdata_th_h2.f,Fortran,B,"CalculiX-derived, modified",Overrides same-named object in WeICME_MT.a; AESim_FM custom version,Group into libaesim_solver_ext.a,compiled,Modified CalculiX file; compare against original for change points
matvec.f,Fortran,B,"CalculiX-derived, modified",Overrides same-named object in WeICME_MT.a; AESim_FM custom version,Group into libaesim_solver_ext.a,compiled,Modified CalculiX file; compare against original for change points
meannode.f,Fortran,B,"CalculiX-derived, modified",Overrides same-named object in WeICME_MT.a; AESim_FM custom version,Group into libaesim_solver_ext.a,compiled,Modified CalculiX file; compare against original for change points
metal_powder.f,Fortran,B,"CalculiX-derived, modified",Overrides same-named object in WeICME_MT.a; AESim_FM custom version,Group into libaesim_solver_ext.a,compiled,Modified CalculiX file; compare against original for change points
metalpowders.f,Fortran,B,"CalculiX-derived, modified",Overrides same-named object in WeICME_MT.a; AESim_FM custom version,Group into libaesim_solver_ext.a,compiled,Modified CalculiX file; compare against original for change points
modf.f,Fortran,B,"CalculiX-derived, modified",Overrides same-named object in WeICME_MT.a; AESim_FM custom version,Group into libaesim_solver_ext.a,compiled,Modified CalculiX file; compare against original for change points
msolve.f,Fortran,B,"CalculiX-derived, modified",Overrides same-named object in WeICME_MT.a; AESim_FM custom version,Group into libaesim_solver_ext.a,compiled,Modified CalculiX file; compare against original for change points
msolve_struct.f,Fortran,B,"CalculiX-derived, modified",Overrides same-named object in WeICME_MT.a; AESim_FM custom version,Group into libaesim_solver_ext.a,compiled,Modified CalculiX file; compare against original for change points
multvec.f,Fortran,B,"CalculiX-derived, modified",Overrides same-named object in WeICME_MT.a; AESim_FM custom version,Group into libaesim_solver_ext.a,compiled,Modified CalculiX file; compare against original for change points
negativepressure.f,Fortran,B,"CalculiX-derived, modified",Overrides same-named object in WeICME_MT.a; AESim_FM custom version,Group into libaesim_solver_ext.a,compiled,Modified CalculiX file; compare against original for change points
nident.f,Fortran,B,"CalculiX-derived, modified",Overrides same-named object in WeICME_MT.a; AESim_FM custom version,Group into libaesim_solver_ext.a,compiled,Modified CalculiX file; compare against original for change points
nident2.f,Fortran,B,"CalculiX-derived, modified",Overrides same-named object in WeICME_MT.a; AESim_FM custom version,Group into libaesim_solver_ext.a,compiled,Modified CalculiX file; compare against original for change points
nidentk.f,Fortran,B,"CalculiX-derived, modified",Overrides same-named object in WeICME_MT.a; AESim_FM custom version,Group into libaesim_solver_ext.a,compiled,Modified CalculiX file; compare against original for change points
nidentll.f,Fortran,B,"CalculiX-derived, modified",Overrides same-named object in WeICME_MT.a; AESim_FM custom version,Group into libaesim_solver_ext.a,compiled,Modified CalculiX file; compare against original for change points
norm.f,Fortran,B,"CalculiX-derived, modified",Overrides same-named object in WeICME_MT.a; AESim_FM custom version,Group into libaesim_solver_ext.a,compiled,Modified CalculiX file; compare against original for change points
nystar2flcr.f,Fortran,B,"CalculiX-derived, modified",Overrides same-named object in WeICME_MT.a; AESim_FM custom version,Group into libaesim_solver_ext.a,compiled,Modified CalculiX file; compare against original for change points
nystarflcrchart.f,Fortran,B,"CalculiX-derived, modified",Overrides same-named object in WeICME_MT.a; AESim_FM custom version,Group into libaesim_solver_ext.a,compiled,Modified CalculiX file; compare against original for change points
op.f,Fortran,B,"CalculiX-derived, modified",Overrides same-named object in WeICME_MT.a; AESim_FM custom version,Group into libaesim_solver_ext.a,compiled,Modified CalculiX file; compare against original for change points
op_corio.f,Fortran,B,"CalculiX-derived, modified",Overrides same-named object in WeICME_MT.a; AESim_FM custom version,Group into libaesim_solver_ext.a,compiled,Modified CalculiX file; compare against original for change points
opas.f,Fortran,B,"CalculiX-derived, modified",Overrides same-named object in WeICME_MT.a; AESim_FM custom version,Group into libaesim_solver_ext.a,compiled,Modified CalculiX file; compare against original for change points
openfilefluid.f,Fortran,B,"CalculiX-derived, modified",Overrides same-named object in WeICME_MT.a; AESim_FM custom version,Group into libaesim_solver_ext.a,compiled,Modified CalculiX file; compare against original for change points
phaseother.f,Fortran,B,"CalculiX-derived, modified",Overrides same-named object in WeICME_MT.a; AESim_FM custom version,Group into libaesim_solver_ext.a,compiled,Modified CalculiX file; compare against original for change points
phasetransition.f,Fortran,B,"CalculiX-derived, modified",Overrides same-named object in WeICME_MT.a; AESim_FM custom version,Group into libaesim_solver_ext.a,compiled,Modified CalculiX file; compare against original for change points
phasetransition1.f,Fortran,B,"CalculiX-derived, modified",Overrides same-named object in WeICME_MT.a; AESim_FM custom version,Group into libaesim_solver_ext.a,compiled,Modified CalculiX file; compare against original for change points
phys2con_cast.f,Fortran,B,"CalculiX-derived, modified",Overrides same-named object in WeICME_MT.a; AESim_FM custom version,Group into libaesim_solver_ext.a,compiled,Modified CalculiX file; compare against original for change points
pk_cdc_cl3.f,Fortran,B,"CalculiX-derived, modified",Overrides same-named object in WeICME_MT.a; AESim_FM custom version,Group into libaesim_solver_ext.a,compiled,Modified CalculiX file; compare against original for change points
pk_cdi_r.f,Fortran,B,"CalculiX-derived, modified",Overrides same-named object in WeICME_MT.a; AESim_FM custom version,Group into libaesim_solver_ext.a,compiled,Modified CalculiX file; compare against original for change points
pk_cdi_rl.f,Fortran,B,"CalculiX-derived, modified",Overrides same-named object in WeICME_MT.a; AESim_FM custom version,Group into libaesim_solver_ext.a,compiled,Modified CalculiX file; compare against original for change points
pk_cdi_se.f,Fortran,B,"CalculiX-derived, modified",Overrides same-named object in WeICME_MT.a; AESim_FM custom version,Group into libaesim_solver_ext.a,compiled,Modified CalculiX file; compare against original for change points
pop.f,Fortran,B,"CalculiX-derived, modified",Overrides same-named object in WeICME_MT.a; AESim_FM custom version,Group into libaesim_solver_ext.a,compiled,Modified CalculiX file; compare against original for change points
postprocess_cast.f,Fortran,B,"CalculiX-derived, modified",Overrides same-named object in WeICME_MT.a; AESim_FM custom version,Group into libaesim_solver_ext.a,compiled,Modified CalculiX file; compare against original for change points
posttransition.f,Fortran,B,"CalculiX-derived, modified",Overrides same-named object in WeICME_MT.a; AESim_FM custom version,Group into libaesim_solver_ext.a,compiled,Modified CalculiX file; compare against original for change points
preconvert2slapcol.f,Fortran,B,"CalculiX-derived, modified",Overrides same-named object in WeICME_MT.a; AESim_FM custom version,Group into libaesim_solver_ext.a,compiled,Modified CalculiX file; compare against original for change points
predir.f,Fortran,B,"CalculiX-derived, modified",Overrides same-named object in WeICME_MT.a; AESim_FM custom version,Group into libaesim_solver_ext.a,compiled,Modified CalculiX file; compare against original for change points
preparenycalc.f,Fortran,B,"CalculiX-derived, modified",Overrides same-named object in WeICME_MT.a; AESim_FM custom version,Group into libaesim_solver_ext.a,compiled,Modified CalculiX file; compare against original for change points
push.f,Fortran,B,"CalculiX-derived, modified",Overrides same-named object in WeICME_MT.a; AESim_FM custom version,Group into libaesim_solver_ext.a,compiled,Modified CalculiX file; compare against original for change points
randomval.f,Fortran,B,"CalculiX-derived, modified",Overrides same-named object in WeICME_MT.a; AESim_FM custom version,Group into libaesim_solver_ext.a,compiled,Modified CalculiX file; compare against original for change points
ratedependentplastics.f,Fortran,B,"CalculiX-derived, modified",Overrides same-named object in WeICME_MT.a; AESim_FM custom version,Group into libaesim_solver_ext.a,compiled,Modified CalculiX file; compare against original for change points
rdplas.f,Fortran,B,"CalculiX-derived, modified",Overrides same-named object in WeICME_MT.a; AESim_FM custom version,Group into libaesim_solver_ext.a,compiled,Modified CalculiX file; compare against original for change points
readphaseinf.f,Fortran,B,"CalculiX-derived, modified",Overrides same-named object in WeICME_MT.a; AESim_FM custom version,Group into libaesim_solver_ext.a,compiled,Modified CalculiX file; compare against original for change points
reorderampl.f,Fortran,B,"CalculiX-derived, modified",Overrides same-named object in WeICME_MT.a; AESim_FM custom version,Group into libaesim_solver_ext.a,compiled,Modified CalculiX file; compare against original for change points
reorderlhs.f,Fortran,B,"CalculiX-derived, modified",Overrides same-named object in WeICME_MT.a; AESim_FM custom version,Group into libaesim_solver_ext.a,compiled,Modified CalculiX file; compare against original for change points
reorderrhs.f,Fortran,B,"CalculiX-derived, modified",Overrides same-named object in WeICME_MT.a; AESim_FM custom version,Group into libaesim_solver_ext.a,compiled,Modified CalculiX file; compare against original for change points
sensitivity_glob.f,Fortran,B,"CalculiX-derived, modified",Overrides same-named object in WeICME_MT.a; AESim_FM custom version,Group into libaesim_solver_ext.a,compiled,Modified CalculiX file; compare against original for change points
smoothshock.f,Fortran,B,"CalculiX-derived, modified",Overrides same-named object in WeICME_MT.a; AESim_FM custom version,Group into libaesim_solver_ext.a,compiled,Modified CalculiX file; compare against original for change points
stop.f,Fortran,B,"CalculiX-derived, modified",Overrides same-named object in WeICME_MT.a; AESim_FM custom version,Group into libaesim_solver_ext.a,compiled,Modified CalculiX file; compare against original for change points
templiquidussolidus.f,Fortran,B,"CalculiX-derived, modified",Overrides same-named object in WeICME_MT.a; AESim_FM custom version,Group into libaesim_solver_ext.a,compiled,Modified CalculiX file; compare against original for change points
thermmodel.f,Fortran,B,"CalculiX-derived, modified",Overrides same-named object in WeICME_MT.a; AESim_FM custom version,Group into libaesim_solver_ext.a,compiled,Modified CalculiX file; compare against original for change points
time2solidus.f,Fortran,B,"CalculiX-derived, modified",Overrides same-named object in WeICME_MT.a; AESim_FM custom version,Group into libaesim_solver_ext.a,compiled,Modified CalculiX file; compare against original for change points
transformation.f,Fortran,B,"CalculiX-derived, modified",Overrides same-named object in WeICME_MT.a; AESim_FM custom version,Group into libaesim_solver_ext.a,compiled,Modified CalculiX file; compare against original for change points
triloc.f,Fortran,B,"CalculiX-derived, modified",Overrides same-named object in WeICME_MT.a; AESim_FM custom version,Group into libaesim_solver_ext.a,compiled,Modified CalculiX file; compare against original for change points
uamplitude.f,Fortran,B,"CalculiX-derived, modified",Overrides same-named object in WeICME_MT.a; AESim_FM custom version,Group into libaesim_solver_ext.a,compiled,Modified CalculiX file; compare against original for change points
uexpan.f,Fortran,B,"CalculiX-derived, modified",Overrides same-named object in WeICME_MT.a; AESim_FM custom version,Group into libaesim_solver_ext.a,compiled,Modified CalculiX file; compare against original for change points
uhard.f,Fortran,B,"CalculiX-derived, modified",Overrides same-named object in WeICME_MT.a; AESim_FM custom version,Group into libaesim_solver_ext.a,compiled,Modified CalculiX file; compare against original for change points
uhardening.f,Fortran,B,"CalculiX-derived, modified",Overrides same-named object in WeICME_MT.a; AESim_FM custom version,Group into libaesim_solver_ext.a,compiled,Modified CalculiX file; compare against original for change points
velsolve.f,Fortran,B,"CalculiX-derived, modified",Overrides same-named object in WeICME_MT.a; AESim_FM custom version,Group into libaesim_solver_ext.a,compiled,Modified CalculiX file; compare against original for change points
writeboun.f,Fortran,B,"CalculiX-derived, modified",Overrides same-named object in WeICME_MT.a; AESim_FM custom version,Group into libaesim_solver_ext.a,compiled,Modified CalculiX file; compare against original for change points
writebv.f,Fortran,B,"CalculiX-derived, modified",Overrides same-named object in WeICME_MT.a; AESim_FM custom version,Group into libaesim_solver_ext.a,compiled,Modified CalculiX file; compare against original for change points
writedesi.f,Fortran,B,"CalculiX-derived, modified",Overrides same-named object in WeICME_MT.a; AESim_FM custom version,Group into libaesim_solver_ext.a,compiled,Modified CalculiX file; compare against original for change points
writeevcomplex.f,Fortran,B,"CalculiX-derived, modified",Overrides same-named object in WeICME_MT.a; AESim_FM custom version,Group into libaesim_solver_ext.a,compiled,Modified CalculiX file; compare against original for change points
writehe.f,Fortran,B,"CalculiX-derived, modified",Overrides same-named object in WeICME_MT.a; AESim_FM custom version,Group into libaesim_solver_ext.a,compiled,Modified CalculiX file; compare against original for change points
writeim.f,Fortran,B,"CalculiX-derived, modified",Overrides same-named object in WeICME_MT.a; AESim_FM custom version,Group into libaesim_solver_ext.a,compiled,Modified CalculiX file; compare against original for change points
writemac.f,Fortran,B,"CalculiX-derived, modified",Overrides same-named object in WeICME_MT.a; AESim_FM custom version,Group into libaesim_solver_ext.a,compiled,Modified CalculiX file; compare against original for change points
writemaccs.f,Fortran,B,"CalculiX-derived, modified",Overrides same-named object in WeICME_MT.a; AESim_FM custom version,Group into libaesim_solver_ext.a,compiled,Modified CalculiX file; compare against original for change points
writempc.f,Fortran,B,"CalculiX-derived, modified",Overrides same-named object in WeICME_MT.a; AESim_FM custom version,Group into libaesim_solver_ext.a,compiled,Modified CalculiX file; compare against original for change points
writerandomfield.f,Fortran,B,"CalculiX-derived, modified",Overrides same-named object in WeICME_MT.a; AESim_FM custom version,Group into libaesim_solver_ext.a,compiled,Modified CalculiX file; compare against original for change points
writere.f,Fortran,B,"CalculiX-derived, modified",Overrides same-named object in WeICME_MT.a; AESim_FM custom version,Group into libaesim_solver_ext.a,compiled,Modified CalculiX file; compare against original for change points
writesta.f,Fortran,B,"CalculiX-derived, modified",Overrides same-named object in WeICME_MT.a; AESim_FM custom version,Group into libaesim_solver_ext.a,compiled,Modified CalculiX file; compare against original for change points
writestadiv.f,Fortran,B,"CalculiX-derived, modified",Overrides same-named object in WeICME_MT.a; AESim_FM custom version,Group into libaesim_solver_ext.a,compiled,Modified CalculiX file; compare against original for change points
writevfa.f,Fortran,B,"CalculiX-derived, modified",Overrides same-named object in WeICME_MT.a; AESim_FM custom version,Group into libaesim_solver_ext.a,compiled,Modified CalculiX file; compare against original for change points
drxc.c,C,B,"CalculiX-derived, modified",Overrides same-named object in WeICME_MT.a; AESim_FM custom version,Group into libaesim_solver_ext.a,compiled,Modified CalculiX file
getSystemCPUs.c,C,B,"CalculiX-derived, modified",Overrides same-named object in WeICME_MT.a; AESim_FM custom version,Group into libaesim_solver_ext.a,compiled,Modified CalculiX file
itinerate_print.c,C,B,"CalculiX-derived, modified",Overrides same-named object in WeICME_MT.a; AESim_FM custom version,Group into libaesim_solver_ext.a,compiled,Modified CalculiX file
output_mtx.c,C,B,"CalculiX-derived, modified",Overrides same-named object in WeICME_MT.a; AESim_FM custom version,Group into libaesim_solver_ext.a,compiled,Modified CalculiX file
plasticwork.c,C,B,"CalculiX-derived, modified",Overrides same-named object in WeICME_MT.a; AESim_FM custom version,Group into libaesim_solver_ext.a,compiled,Modified CalculiX file
random_print.c,C,B,"CalculiX-derived, modified",Overrides same-named object in WeICME_MT.a; AESim_FM custom version,Group into libaesim_solver_ext.a,compiled,Modified CalculiX file
readxstateini.c,C,B,"CalculiX-derived, modified",Overrides same-named object in WeICME_MT.a; AESim_FM custom version,Group into libaesim_solver_ext.a,compiled,Modified CalculiX file
stof.c,C,B,"CalculiX-derived, modified",Overrides same-named object in WeICME_MT.a; AESim_FM custom version,Group into libaesim_solver_ext.a,compiled,Modified CalculiX file
stoi.c,C,B,"CalculiX-derived, modified",Overrides same-named object in WeICME_MT.a; AESim_FM custom version,Group into libaesim_solver_ext.a,compiled,Modified CalculiX file
strcmp2.c,C,B,"CalculiX-derived, modified",Overrides same-named object in WeICME_MT.a; AESim_FM custom version,Group into libaesim_solver_ext.a,compiled,Modified CalculiX file
strcpy1.c,C,B,"CalculiX-derived, modified",Overrides same-named object in WeICME_MT.a; AESim_FM custom version,Group into libaesim_solver_ext.a,compiled,Modified CalculiX file
v_betrag.c,C,B,"CalculiX-derived, modified",Overrides same-named object in WeICME_MT.a; AESim_FM custom version,Group into libaesim_solver_ext.a,compiled,Modified CalculiX file
v_prod.c,C,B,"CalculiX-derived, modified",Overrides same-named object in WeICME_MT.a; AESim_FM custom version,Group into libaesim_solver_ext.a,compiled,Modified CalculiX file
v_result.c,C,B,"CalculiX-derived, modified",Overrides same-named object in WeICME_MT.a; AESim_FM custom version,Group into libaesim_solver_ext.a,compiled,Modified CalculiX file
solver.c,C,B,CalculiX-derived main entry (renamed from WeICME.c 2026-06-07),Main program entry; dispatches solver flow; overrides WeICME.o in WeICME_MT.a,Keep as SOLVER_MAIN_OBJ; renamed per Phase D,compiled,Solver main entry with AESim_FM customizations; renamed to solver.c as part of naming cleanup
solver.h,C,A,CalculiX original header (renamed from WeICME.h 2026-06-07),Copyright Guido Dhondt 1998-2018; all CalculiX function declarations,Keep as public interface header; renamed per Phase D,compiled,CalculiX core API header; renamed to solver.h as part of naming cleanup; original copyright preserved
readfrd.h,C,A,CalculiX original (CGX),CGX FRD post-processor reader; Summen/Nodes/Elements/Datasets structs,Keep as FRD reader interface,compiled,"CGX code, unmodified"
index.h,C,C,AESim_FM self-developed,DRX state variable index constants for drxc.c,Keep,compiled,DRX-specific indices
appkey.h,C,License,License module,appkey.cpp header; license interface declarations,Mark as license component; do not mix with CalculiX,compiled_in_GUI,Not for open-source component stats
appkey.cpp,C++,License,License module,Qt singleton; license key validation/date/count/feature switches,Mark as license component,compiled_in_GUI,Not for open-source component stats
AFCA_main.cpp,C++,E,Independent program,int main(); austenite-ferrite phase transformation 2D CA,Do not link into main solver,not_compiled,Independent executable
GGCA.cpp,C++,E,Independent program,int main(); grain growth 2D CA,Do not link into main solver,not_compiled,Independent executable
Rolling Soft.cpp,C++,C,AESim_FM self-developed,MFC DLL; rolling process parameter simulation,Use via DLL,compiled_as_MFC_DLL,Not solver core
segregation.cpp,C++,C,AESim_FM self-developed,MFC class; macrosegregation modeling,Use via DLL,compiled_as_MFC_DLL,Not solver core
CCT.f,Fortran,D,Abaqus-style legacy,USDFLD+ABA_PARAM.INC+GETVRM,Do not link into main solver,not_compiled,
DRX_meso.f,Fortran,E,Independent program,PROGRAM main; mesoscale DRX,Do not link into main solver,not_compiled,
GGCA2D.f,Fortran,E,Independent program,Program main; grain growth 2D CA,Do not link into main solver,not_compiled,
GGPF.f,Fortran,E,Independent program,PROGRAM main; phase field grain growth,Do not link into main solver,not_compiled,
K90DRX.f,Fortran,D,Abaqus-style legacy,USDFLD+ABA_PARAM.INC+GETVRM; SRX/MRX logic,Do not link into main solver,not_compiled,
SRX_3D.f,Fortran,E,Independent program,PROGRAM main; static recrystallization 3D,Do not link into main solver,not_compiled,
TTT.f,Fortran,D,Abaqus-style legacy,USDFLD+HETVAL+ABA_PARAM.INC,Do not link into main solver,not_compiled,
constitutive.f,Fortran,C,AESim_FM self-developed,module constitutive; constitutive dispatcher,Add to Makefile.inc to compile,not_compiled,
crystallite.f,Fortran,C,AESim_FM self-developed,module crystallite; crystallite stress integration,Add to Makefile.inc to compile,not_compiled,
formatfile.f,Fortran,A,CalculiX original,FORMAT statements only,Do not link into main solver,not_compiled,
gauss.f,Fortran,A,CalculiX original,Gauss point data; included by bmatrix.f etc.,Do not link into main solver,not_compiled,
plastic_disloKM.f,Fortran,C,AESim_FM self-developed,module plastic_disloKM; dislocation density KM plasticity,Add to Makefile.inc to compile,not_compiled,
plastic_isotropic.f,Fortran,C,AESim_FM self-developed,module plastic_isotropic; isotropic plasticity,Add to Makefile.inc to compile,not_compiled,
plastic_kmjmak.f,Fortran,C,AESim_FM self-developed,module plastic_kmjmak; dislocation-twin plasticity,Add to Makefile.inc to compile,not_compiled,
plastic_phenopowerlaw_classic.f,Fortran,C,AESim_FM self-developed,module; phenomenological power-law crystal plasticity,Add to Makefile.inc to compile,not_compiled,
srx_mrx_k90.f,Fortran,C,AESim_FM self-developed,SRX/MRX recrystallization model extracted from K90DRX.f; internal explicit interface; activated via gsloc(1,2),Compiled into aesim_solver_ext,compiled,New C-class converted model; does not use USDFLD/GETVRM; SDV22-43
ABA_PARAM.INC,Fortran_INCLUDE,A,CalculiX original,ABAQUS parameter include file; standard implicit type definitions,Keep but only for D-class file use,not_compiled_directly,Included by D-class files
Makefile.inc,Makefile,Build,Build config for CalculiX-derived solver,Defines SCCXF and SCCXC source file lists for compilation,Keep as build config,active_build_file,143 Fortran + 14 C source files listed; all compiled files are B-class overrides
creepsoftenings.f,Fortran,C,AESim_FM self-developed,*CREEP-SOFTENING keyword reader; stores 16 params into /creepdata/ common block; MODEL_TYPE=1(Norton) 2(User); sets kode=-72 or powder-coupled kode=-73,Compiled into aesim_solver_ext,compiled,New C-class file; reads 8 params/line x 2 lines; independent chain SDV up to 53; porous chain SDV up to 24
creep_softening_model.f,Fortran,C,AESim_FM self-developed,"Core creep/softening routine; Norton + historical user CREEP formula; deviatoric flow rule; independent chain SDV44-53; porous powder chain SDV3-5/9-11/21-24",Compiled into aesim_solver_ext,compiled,New C-class file; activated via kode=-72/-73 in transformation.f; ENABLE=0 bypass; powder mode preserves metal_powder stress/tangent
materialdata_me.f,Fortran,B,"CalculiX-derived, modified",Added nelconst=-72 override for creep/softening material constants,Group into libaesim_solver_ext.a,compiled,Modified CalculiX file; 1-line addition for kode=-72 handling
calinput.f,Fortran,B,"CalculiX-derived, modified","Added *CREEP-SOFTENING keyword dispatch; textpart(16) character*132",Group into libaesim_solver_ext.a,compiled,Modified CalculiX file; creepsoftenings call added
transformation.f,Fortran,B,"CalculiX-derived, modified",Added kode=-72 dispatch calling creep_softening_model for creep/softening material,Group into libaesim_solver_ext.a,compiled,Modified CalculiX file; elseif(kode.eq.-72) branch added
